{"cameraMode":{"drawMode":0,"name":"Shaded","section":"Shading Mode"},"sceneLighting":false,"audioPlay":false,"sceneViewState":{"showFog":true,"showMaterialUpdate":false,"showSkybox":true,"showFlares":true,"showImageEffects":true,"showParticleSystems":true},"in2DMode":false,"pivot":{"x":-0.1488332748413086,"y":1.480797290802002,"z":0.1703014373779297},"rotation":{"x":0.07394296675920487,"y":-0.10154403746128082,"z":0.0075644757598638538,"w":0.9920504689216614},"size":126.01611328125,"orthographic":false}