{"cameraMode":{"drawMode":0,"name":"Shaded","section":"Shading Mode"},"sceneLighting":false,"audioPlay":false,"sceneViewState":{"showFog":true,"showMaterialUpdate":false,"showSkybox":true,"showFlares":true,"showImageEffects":true,"showParticleSystems":true},"in2DMode":false,"pivot":{"x":-0.04221081733703613,"y":0.20042285323143006,"z":0.06846284866333008},"rotation":{"x":-0.0071962433867156509,"y":-0.986582338809967,"z":0.15668487548828126,"w":-0.04531444236636162},"size":6.673393249511719,"orthographic":false}