{"cameraMode":{"drawMode":0,"name":"Shaded","section":"Shading Mode"},"sceneLighting":false,"audioPlay":false,"sceneViewState":{"showFog":true,"showMaterialUpdate":false,"showSkybox":true,"showFlares":true,"showImageEffects":true,"showParticleSystems":true},"in2DMode":false,"pivot":{"x":0.6053982973098755,"y":-0.29274964332580569,"z":1.0939984321594239},"rotation":{"x":0.09828979521989823,"y":0.40810626745224,"z":-0.044247761368751529,"w":0.9065487384796143},"size":27.54636001586914,"orthographic":true}