{"cameraMode":{"drawMode":0,"name":"Shaded","section":"Shading Mode"},"sceneLighting":false,"audioPlay":false,"sceneViewState":{"showFog":true,"showMaterialUpdate":false,"showSkybox":true,"showFlares":true,"showImageEffects":true,"showParticleSystems":true},"in2DMode":false,"pivot":{"x":-727.3701171875,"y":-621.0882568359375,"z":1393.3465576171875},"rotation":{"x":0.17445224523544312,"y":-0.47197985649108889,"z":0.09587069600820542,"w":0.8588423728942871},"size":2800.540771484375,"orthographic":false}
