{"cameraMode":{"drawMode":0,"name":"Shaded","section":"Shading Mode"},"sceneLighting":false,"audioPlay":false,"sceneViewState":{"showFog":true,"showMaterialUpdate":false,"showSkybox":true,"showFlares":true,"showImageEffects":true,"showParticleSystems":true},"in2DMode":false,"pivot":{"x":1.60968017578125,"y":3.183852434158325,"z":-0.6357994079589844},"rotation":{"x":0.0008011119207367301,"y":-0.9250187873840332,"z":-0.0019438180606812239,"w":-0.3799157440662384},"size":14.53503131866455,"orthographic":false}