{"cameraMode":{"drawMode":0,"name":"Shaded","section":"Shading Mode"},"sceneLighting":false,"audioPlay":false,"sceneViewState":{"showFog":true,"showMaterialUpdate":false,"showSkybox":true,"showFlares":true,"showImageEffects":true,"showParticleSystems":true},"in2DMode":false,"pivot":{"x":-499.5070495605469,"y":0.12591636180877686,"z":609.8685913085938},"rotation":{"x":0.16970621049404145,"y":-0.4914798140525818,"z":0.09829704463481903,"w":0.8485193848609924},"size":69.74302673339844,"orthographic":false}