{"cameraMode":{"drawMode":0,"name":"Shaded","section":"Shading Mode"},"sceneLighting":true,"audioPlay":false,"sceneViewState":{"showFog":true,"showMaterialUpdate":false,"showSkybox":true,"showFlares":true,"showImageEffects":true,"showParticleSystems":true},"in2DMode":true,"pivot":{"x":242.7972412109375,"y":253.66796875,"z":0.125},"rotation":{"x":0.0027385505381971599,"y":-0.0007979635847732425,"z":0.00009451750520383939,"w":0.9999959468841553},"size":680.0025634765625,"orthographic":true}
