{"cameraMode":{"drawMode":0,"name":"Shaded","section":"Shading Mode"},"sceneLighting":false,"audioPlay":false,"sceneViewState":{"showFog":true,"showMaterialUpdate":false,"showSkybox":true,"showFlares":true,"showImageEffects":true,"showParticleSystems":true},"in2DMode":false,"pivot":{"x":-0.61700439453125,"y":1.29302978515625,"z":-5.115234375},"rotation":{"x":0.002991842571645975,"y":0.9959424734115601,"z":-0.08235204964876175,"w":0.0361645482480526},"size":2.8812241554260256,"orthographic":true}