{"cameraMode":{"drawMode":0,"name":"Shaded","section":"Shading Mode"},"sceneLighting":true,"audioPlay":false,"sceneViewState":{"showFog":true,"showMaterialUpdate":false,"showSkybox":true,"showFlares":true,"showImageEffects":true,"showParticleSystems":true},"in2DMode":false,"pivot":{"x":101.94793701171875,"y":1.1403584480285645,"z":244.72105407714845},"rotation":{"x":0.0987543985247612,"y":-0.7364478707313538,"z":0.11017359048128128,"w":0.6601166129112244},"size":4.0416579246521,"orthographic":false}