{"cameraMode":{"drawMode":0,"name":"Shaded","section":"Shading Mode"},"sceneLighting":false,"audioPlay":false,"sceneViewState":{"showFog":true,"showMaterialUpdate":false,"showSkybox":true,"showFlares":true,"showImageEffects":true,"showParticleSystems":true},"in2DMode":false,"pivot":{"x":-522.1641845703125,"y":52.3853645324707,"z":3618.35498046875},"rotation":{"x":-0.39564383029937746,"y":0.20363207161426545,"z":-0.09040303528308869,"w":-0.8909698128700256},"size":46.331668853759769,"orthographic":false}