{"cameraMode":{"drawMode":0,"name":"Shaded","section":"Shading Mode"},"sceneLighting":false,"audioPlay":false,"sceneViewState":{"showFog":true,"showMaterialUpdate":false,"showSkybox":true,"showFlares":true,"showImageEffects":true,"showParticleSystems":true},"in2DMode":false,"pivot":{"x":-13.32474136352539,"y":14.17354965209961,"z":24.495174407958986},"rotation":{"x":-0.10930050164461136,"y":0.2998233139514923,"z":-0.03459850698709488,"w":-0.9470810294151306},"size":38.771820068359378,"orthographic":false}