{"cameraMode":{"drawMode":0,"name":"Shaded","section":"Shading Mode"},"sceneLighting":false,"audioPlay":false,"sceneViewState":{"showFog":true,"showMaterialUpdate":false,"showSkybox":true,"showFlares":true,"showImageEffects":true,"showParticleSystems":true},"in2DMode":false,"pivot":{"x":-122.815673828125,"y":38.667118072509769,"z":402.421875},"rotation":{"x":0.08441717177629471,"y":0.3418829143047333,"z":-0.030852798372507097,"w":0.9354346394538879},"size":31.005826950073243,"orthographic":false}