{"cameraMode":{"drawMode":0,"name":"Shaded","section":"Shading Mode"},"sceneLighting":false,"audioPlay":false,"sceneViewState":{"showFog":true,"showMaterialUpdate":false,"showSkybox":true,"showFlares":true,"showImageEffects":true,"showParticleSystems":true},"in2DMode":false,"pivot":{"x":0.2859199047088623,"y":-2.4836955070495607,"z":-0.01148223876953125},"rotation":{"x":0.06262516230344773,"y":0.9158356189727783,"z":-0.15758654475212098,"w":0.363991379737854},"size":18.533056259155275,"orthographic":false}