{"cameraMode":{"drawMode":0,"name":"Shaded","section":"Shading Mode"},"sceneLighting":false,"audioPlay":false,"sceneViewState":{"showFog":true,"showMaterialUpdate":false,"showSkybox":true,"showFlares":true,"showImageEffects":true,"showParticleSystems":true},"in2DMode":false,"pivot":{"x":0.646796703338623,"y":2.460719585418701,"z":-1.5855672359466553},"rotation":{"x":-0.01861577481031418,"y":-0.2974711060523987,"z":0.005801065359264612,"w":-0.954531729221344},"size":488.11346435546877,"orthographic":true}