{"cameraMode":{"drawMode":0,"name":"Shaded","section":"Shading Mode"},"sceneLighting":false,"audioPlay":false,"sceneViewState":{"showFog":true,"showMaterialUpdate":false,"showSkybox":true,"showFlares":true,"showImageEffects":true,"showParticleSystems":true},"in2DMode":false,"pivot":{"x":116.44937133789063,"y":-15.415851593017579,"z":-2548.40185546875},"rotation":{"x":0.2674280107021332,"y":-0.10525167733430863,"z":0.029398493468761445,"w":0.9573610424995422},"size":119.31563568115235,"orthographic":false}