{"cameraMode":{"drawMode":0,"name":"Shaded","section":"Shading Mode"},"sceneLighting":false,"audioPlay":false,"sceneViewState":{"showFog":true,"showMaterialUpdate":false,"showSkybox":true,"showFlares":true,"showImageEffects":true,"showParticleSystems":true},"in2DMode":false,"pivot":{"x":-0.3802635669708252,"y":1.161318063735962,"z":-5.622008323669434},"rotation":{"x":0.008656513877213002,"y":0.9080617427825928,"z":0.018790826201438905,"w":-0.4183250069618225},"size":4.341658115386963,"orthographic":false}