{"cameraMode":{"drawMode":0,"name":"Shaded","section":"Shading Mode"},"sceneLighting":false,"audioPlay":false,"sceneViewState":{"showFog":true,"showMaterialUpdate":false,"showSkybox":true,"showFlares":true,"showImageEffects":true,"showParticleSystems":true},"in2DMode":false,"pivot":{"x":1.2259316444396973,"y":1.0303566455841065,"z":-0.9595985412597656},"rotation":{"x":-0.022907285019755365,"y":-0.9282550811767578,"z":0.05799711123108864,"w":-0.3666797876358032},"size":17.333295822143556,"orthographic":false}