{"cameraMode":{"drawMode":0,"name":"Shaded","section":"Shading Mode"},"sceneLighting":false,"audioPlay":false,"sceneViewState":{"showFog":true,"showMaterialUpdate":false,"showSkybox":true,"showFlares":true,"showImageEffects":true,"showParticleSystems":true},"in2DMode":false,"pivot":{"x":34.15904235839844,"y":7.908061981201172,"z":1235.3232421875},"rotation":{"x":0.062149375677108768,"y":-0.8827254772186279,"z":0.12205494195222855,"w":0.4494839012622833},"size":102.6868896484375,"orthographic":false}