{"cameraMode":{"drawMode":0,"name":"Shaded","section":"Shading Mode"},"sceneLighting":false,"audioPlay":false,"sceneViewState":{"showFog":true,"showMaterialUpdate":false,"showSkybox":true,"showFlares":true,"showImageEffects":true,"showParticleSystems":true},"in2DMode":false,"pivot":{"x":-440.0555725097656,"y":6.056331634521484,"z":690.13623046875},"rotation":{"x":0.35243478417396548,"y":0.1739981323480606,"z":-0.06686630845069885,"w":0.9170840978622437},"size":75.53565216064453,"orthographic":false}