{"cameraMode":{"drawMode":0,"name":"Shaded","section":"Shading Mode"},"sceneLighting":false,"audioPlay":false,"sceneViewState":{"showFog":true,"showMaterialUpdate":false,"showSkybox":true,"showFlares":true,"showImageEffects":true,"showParticleSystems":true},"in2DMode":false,"pivot":{"x":-0.15449094772338868,"y":2.2974183559417726,"z":-1.6240673065185547},"rotation":{"x":-0.06571386009454727,"y":-0.7144312262535095,"z":0.067715585231781,"w":-0.6933140158653259},"size":7.202914237976074,"orthographic":false}