{"cameraMode":{"drawMode":0,"name":"Shaded","section":"Shading Mode"},"sceneLighting":false,"audioPlay":false,"sceneViewState":{"showFog":true,"showMaterialUpdate":false,"showSkybox":true,"showFlares":true,"showImageEffects":true,"showParticleSystems":true},"in2DMode":false,"pivot":{"x":-267.6500244140625,"y":27.22998046875,"z":352.08673095703127},"rotation":{"x":-0.264091819524765,"y":-0.06561282277107239,"z":0.018010694533586503,"w":-0.9620946645736694},"size":1.7102270126342774,"orthographic":false}