{"cameraMode":{"drawMode":0,"name":"Shaded","section":"Shading Mode"},"sceneLighting":false,"audioPlay":false,"sceneViewState":{"showFog":true,"showMaterialUpdate":false,"showSkybox":true,"showFlares":true,"showImageEffects":true,"showParticleSystems":true},"in2DMode":false,"pivot":{"x":48.63999938964844,"y":52.259864807128909,"z":22.76360511779785},"rotation":{"x":0.19309546053409577,"y":-0.7136499285697937,"z":0.21607480943202973,"w":0.6377536654472351},"size":5.694295406341553,"orthographic":false}