{"cameraMode":{"drawMode":0,"name":"Shaded","section":"Shading Mode"},"sceneLighting":false,"audioPlay":false,"sceneViewState":{"showFog":true,"showMaterialUpdate":false,"showSkybox":true,"showFlares":true,"showImageEffects":true,"showParticleSystems":true},"in2DMode":false,"pivot":{"x":2.102614402770996,"y":2.6216626167297365,"z":-0.37054944038391116},"rotation":{"x":0.08679723739624024,"y":0.4396347999572754,"z":-0.04273344948887825,"w":0.8929508924484253},"size":6.40512752532959,"orthographic":false}