{"cameraMode":{"drawMode":0,"name":"Shaded","section":"Shading Mode"},"sceneLighting":false,"audioPlay":false,"sceneViewState":{"showFog":true,"showMaterialUpdate":false,"showSkybox":true,"showFlares":true,"showImageEffects":true,"showParticleSystems":true},"in2DMode":false,"pivot":{"x":55.55387878417969,"y":1.182074785232544,"z":69.59745788574219},"rotation":{"x":-0.058694176375865939,"y":0.8393955230712891,"z":-0.09254614263772965,"w":-0.5323583483695984},"size":5.445234775543213,"orthographic":false}