{"cameraMode":{"drawMode":0,"name":"Shaded","section":"Shading Mode"},"sceneLighting":false,"audioPlay":false,"sceneViewState":{"showFog":true,"showMaterialUpdate":false,"showSkybox":true,"showFlares":true,"showImageEffects":true,"showParticleSystems":true},"in2DMode":false,"pivot":{"x":99.18325805664063,"y":200.05364990234376,"z":47.172607421875},"rotation":{"x":-0.06289973109960556,"y":0.04280680790543556,"z":-0.002698063850402832,"w":-0.9970977902412415},"size":1209.1951904296875,"orthographic":false}