{"cameraMode":{"drawMode":0,"name":"Shaded","section":"Shading Mode"},"sceneLighting":false,"audioPlay":false,"sceneViewState":{"showFog":true,"showMaterialUpdate":false,"showSkybox":true,"showFlares":true,"showImageEffects":true,"showParticleSystems":true},"in2DMode":false,"pivot":{"x":0.6053986549377441,"y":4.040862560272217,"z":1.0939985513687134},"rotation":{"x":0.03692523017525673,"y":0.9146068096160889,"z":0.08586253970861435,"w":-0.3933938145637512},"size":16.503141403198243,"orthographic":false}