{"cameraMode":{"drawMode":0,"name":"Shaded","section":"Shading Mode"},"sceneLighting":false,"audioPlay":false,"sceneViewState":{"showFog":true,"showMaterialUpdate":false,"showSkybox":true,"showFlares":true,"showImageEffects":true,"showParticleSystems":true},"in2DMode":false,"pivot":{"x":-738.1718139648438,"y":-1679.4169921875,"z":8254.984375},"rotation":{"x":-0.13161569833755494,"y":0.004460838623344898,"z":-0.0005922748241573572,"w":-0.9912906289100647},"size":9096.29296875,"orthographic":false}
