{"cameraMode":{"drawMode":0,"name":"Shaded","section":"Shading Mode"},"sceneLighting":false,"audioPlay":false,"sceneViewState":{"showFog":true,"showMaterialUpdate":false,"showSkybox":true,"showFlares":true,"showImageEffects":true,"showParticleSystems":true},"in2DMode":false,"pivot":{"x":-18.425987243652345,"y":58.8758659362793,"z":943.1900024414063},"rotation":{"x":0.08441717177629471,"y":0.3418829143047333,"z":-0.030852798372507097,"w":0.9354346394538879},"size":8.18851089477539,"orthographic":false}