{"cameraMode":{"drawMode":0,"name":"Shaded","section":"Shading Mode"},"sceneLighting":false,"audioPlay":false,"sceneViewState":{"showFog":true,"showMaterialUpdate":false,"showSkybox":true,"showFlares":true,"showImageEffects":true,"showParticleSystems":true},"in2DMode":false,"pivot":{"x":0.8464903831481934,"y":0.007455110549926758,"z":-0.2593514919281006},"rotation":{"x":0.07357598841190338,"y":-0.14162805676460267,"z":0.010551857762038708,"w":0.9871255159378052},"size":10.624879837036133,"orthographic":false}