{"cameraMode":{"drawMode":0,"name":"Shaded","section":"Shading Mode"},"sceneLighting":false,"audioPlay":false,"sceneViewState":{"showFog":true,"showMaterialUpdate":false,"showSkybox":true,"showFlares":true,"showImageEffects":true,"showParticleSystems":true},"in2DMode":false,"pivot":{"x":-18.9689998626709,"y":60.16474914550781,"z":942.7979736328125},"rotation":{"x":-0.47040098905563357,"y":0.021175086498260499,"z":-0.01129169762134552,"w":-0.8821263909339905},"size":0.6061495542526245,"orthographic":false}