{"cameraMode":{"drawMode":0,"name":"Shaded","section":"Shading Mode"},"sceneLighting":false,"audioPlay":false,"sceneViewState":{"showFog":true,"showMaterialUpdate":false,"showSkybox":true,"showFlares":true,"showImageEffects":true,"showParticleSystems":true},"in2DMode":false,"pivot":{"x":0.6467971801757813,"y":3.460719585418701,"z":-1.585566759109497},"rotation":{"x":0.0183715857565403,"y":0.7801833748817444,"z":-0.022944476455450059,"w":0.6248599290847778},"size":40.19643020629883,"orthographic":false}