{"cameraMode":{"drawMode":0,"name":"Shaded","section":"Shading Mode"},"sceneLighting":false,"audioPlay":false,"sceneViewState":{"showFog":true,"showMaterialUpdate":false,"showSkybox":true,"showFlares":true,"showImageEffects":true,"showParticleSystems":true},"in2DMode":false,"pivot":{"x":0.2451171875,"y":0.15011222660541535,"z":0.2944784164428711},"rotation":{"x":0.14424221217632295,"y":0.7616145014762878,"z":-0.18154370784759522,"w":0.6051276326179504},"size":5.182638168334961,"orthographic":true}