{"cameraMode":{"drawMode":0,"name":"Shaded","section":"Shading Mode"},"sceneLighting":false,"audioPlay":false,"sceneViewState":{"showFog":true,"showMaterialUpdate":false,"showSkybox":true,"showFlares":true,"showImageEffects":true,"showParticleSystems":true},"in2DMode":false,"pivot":{"x":1.4530142545700074,"y":-0.33270812034606936,"z":491.8013610839844},"rotation":{"x":-0.009231967851519585,"y":-0.9732396006584168,"z":0.2261437177658081,"w":-0.0397312231361866},"size":8.440374374389649,"orthographic":false}