{"cameraMode":{"drawMode":0,"name":"Shaded","section":"Shading Mode"},"sceneLighting":false,"audioPlay":false,"sceneViewState":{"showFog":true,"showMaterialUpdate":false,"showSkybox":true,"showFlares":true,"showImageEffects":true,"showParticleSystems":true},"in2DMode":false,"pivot":{"x":0.6053986549377441,"y":4.040862560272217,"z":1.0939985513687134},"rotation":{"x":0.06131724640727043,"y":-0.7532050609588623,"z":0.07093009352684021,"w":0.6510693430900574},"size":26.478904724121095,"orthographic":false}