{"cameraMode":{"drawMode":0,"name":"Shaded","section":"Shading Mode"},"sceneLighting":false,"audioPlay":false,"sceneViewState":{"showFog":true,"showMaterialUpdate":false,"showSkybox":true,"showFlares":true,"showImageEffects":true,"showParticleSystems":true},"in2DMode":false,"pivot":{"x":2396.974853515625,"y":-0.6780853271484375,"z":2757.78369140625},"rotation":{"x":0.2555041015148163,"y":0.06086128577589989,"z":-0.016117896884679796,"w":0.9647558927536011},"size":138.01341247558595,"orthographic":false}