{"cameraMode":{"drawMode":0,"name":"Shaded","section":"Shading Mode"},"sceneLighting":false,"audioPlay":false,"sceneViewState":{"showFog":true,"showMaterialUpdate":false,"showSkybox":true,"showFlares":true,"showImageEffects":true,"showParticleSystems":true},"in2DMode":false,"pivot":{"x":-114.12088012695313,"y":21.604942321777345,"z":887.3274536132813},"rotation":{"x":0.22995056211948396,"y":-0.46969330310821535,"z":0.1281723976135254,"w":0.8426641225814819},"size":77.59349822998047,"orthographic":false}