{"cameraMode":{"drawMode":0,"name":"Shaded","section":"Shading Mode"},"sceneLighting":false,"audioPlay":false,"sceneViewState":{"showFog":true,"showMaterialUpdate":false,"showSkybox":true,"showFlares":true,"showImageEffects":true,"showParticleSystems":true},"in2DMode":false,"pivot":{"x":398.2313232421875,"y":28.719999313354493,"z":649.4564208984375},"rotation":{"x":0.0463656447827816,"y":-0.8735630512237549,"z":0.084912970662117,"w":0.47699859738349917},"size":4.041658401489258,"orthographic":false}