{"cameraMode":{"drawMode":0,"name":"Shaded","section":"Shading Mode"},"sceneLighting":false,"audioPlay":false,"sceneViewState":{"showFog":true,"showMaterialUpdate":false,"showSkybox":true,"showFlares":true,"showImageEffects":true,"showParticleSystems":true},"in2DMode":false,"pivot":{"x":-499.9752197265625,"y":-1.7461776733398438,"z":515.7807006835938},"rotation":{"x":-0.47040098905563357,"y":0.021175086498260499,"z":-0.01129169762134552,"w":-0.8821263909339905},"size":55.48180389404297,"orthographic":false}