{"cameraMode":{"drawMode":0,"name":"Shaded","section":"Shading Mode"},"sceneLighting":false,"audioPlay":false,"sceneViewState":{"showFog":true,"showMaterialUpdate":false,"showSkybox":true,"showFlares":true,"showImageEffects":true,"showParticleSystems":true},"in2DMode":false,"pivot":{"x":33.02801513671875,"y":0.9317530989646912,"z":106.64059448242188},"rotation":{"x":-0.12092476338148117,"y":-0.6743742227554321,"z":0.11333253979682923,"w":-0.7195501327514648},"size":1.7793021202087403,"orthographic":false}