{"cameraMode":{"drawMode":0,"name":"Shaded","section":"Shading Mode"},"sceneLighting":false,"audioPlay":false,"sceneViewState":{"showFog":true,"showMaterialUpdate":false,"showSkybox":true,"showFlares":true,"showImageEffects":true,"showParticleSystems":true},"in2DMode":false,"pivot":{"x":0.419921875,"y":1.3322447538375855,"z":0.6936671137809753},"rotation":{"x":-0.01861577481031418,"y":-0.2974711060523987,"z":0.005801065359264612,"w":-0.954531729221344},"size":13.1658353805542,"orthographic":true}