{"cameraMode":{"drawMode":0,"name":"Shaded","section":"Shading Mode"},"sceneLighting":false,"audioPlay":false,"sceneViewState":{"showFog":true,"showMaterialUpdate":false,"showSkybox":true,"showFlares":true,"showImageEffects":true,"showParticleSystems":true},"in2DMode":false,"pivot":{"x":51.98731231689453,"y":3.5602900981903078,"z":18.130746841430665},"rotation":{"x":-0.07430019974708557,"y":0.35200589895248415,"z":-0.028041141107678415,"w":-0.9326226711273193},"size":15.098308563232422,"orthographic":false}