{"cameraMode":{"drawMode":0,"name":"Shaded","section":"Shading Mode"},"sceneLighting":true,"audioPlay":false,"sceneViewState":{"showFog":false,"showMaterialUpdate":false,"showSkybox":false,"showFlares":false,"showImageEffects":false,"showParticleSystems":false},"in2DMode":false,"pivot":{"x":-9.395231246948243,"y":20.939002990722658,"z":1.9767471551895142},"rotation":{"x":-0.1405821293592453,"y":-0.32462626695632937,"z":0.048893243074417117,"w":-0.9340578317642212},"size":958.0001220703125,"orthographic":false}