{"cameraMode":{"drawMode":0,"name":"Shaded","section":"Shading Mode"},"sceneLighting":true,"audioPlay":false,"sceneViewState":{"showFog":false,"showMaterialUpdate":false,"showSkybox":false,"showFlares":false,"showImageEffects":false,"showParticleSystems":false},"in2DMode":false,"pivot":{"x":693.2032470703125,"y":-387.53948974609377,"z":3089.94482421875},"rotation":{"x":0.12130064517259598,"y":-0.8786003589630127,"z":0.334610253572464,"w":0.31840795278549197},"size":7521.65283203125,"orthographic":false}