{"cameraMode":{"drawMode":0,"name":"Shaded","section":"Shading Mode"},"sceneLighting":true,"audioPlay":false,"sceneViewState":{"showFog":true,"showMaterialUpdate":false,"showSkybox":true,"showFlares":true,"showImageEffects":true,"showParticleSystems":true},"in2DMode":false,"pivot":{"x":-0.14364969730377198,"y":1.2353813648223878,"z":-1.7429178953170777},"rotation":{"x":-0.01508675329387188,"y":0.9816833138465881,"z":-0.08799508959054947,"w":-0.16830649971961976},"size":3.931349515914917,"orthographic":false}