{"cameraMode":{"drawMode":0,"name":"Shaded","section":"Shading Mode"},"sceneLighting":true,"audioPlay":false,"sceneViewState":{"showFog":false,"showMaterialUpdate":false,"showSkybox":false,"showFlares":false,"showImageEffects":false,"showParticleSystems":false},"in2DMode":false,"pivot":{"x":60.91658020019531,"y":-54.07005310058594,"z":107.49647521972656},"rotation":{"x":0.12083055078983307,"y":0.8789358139038086,"z":-0.33627015352249148,"w":0.3159022629261017},"size":719.5472412109375,"orthographic":false}