{"cameraMode":{"drawMode":0,"name":"Shaded","section":"Shading Mode"},"sceneLighting":true,"audioPlay":false,"sceneViewState":{"showFog":true,"showMaterialUpdate":false,"showSkybox":true,"showFlares":true,"showImageEffects":true,"showParticleSystems":true},"in2DMode":false,"pivot":{"x":4.058601379394531,"y":-1.1256635189056397,"z":18.21561622619629},"rotation":{"x":-0.06911002844572067,"y":-0.5428212285041809,"z":0.04488462582230568,"w":-0.8357956409454346},"size":23.734127044677736,"orthographic":false}