{"cameraMode":{"drawMode":0,"name":"Shaded","section":"Shading Mode"},"sceneLighting":true,"audioPlay":false,"sceneViewState":{"showFog":false,"showMaterialUpdate":false,"showSkybox":false,"showFlares":false,"showImageEffects":false,"showParticleSystems":false},"in2DMode":false,"pivot":{"x":58.0294303894043,"y":-27.523895263671876,"z":45.775665283203128},"rotation":{"x":-0.43430742621421816,"y":0.020797880366444589,"z":-0.010024487040936947,"w":-0.9004687666893005},"size":104.0171890258789,"orthographic":false}