{"cameraMode":{"drawMode":0,"name":"Shaded","section":"Shading Mode"},"sceneLighting":true,"audioPlay":false,"sceneViewState":{"showFog":true,"showMaterialUpdate":false,"showSkybox":true,"showFlares":true,"showImageEffects":true,"showParticleSystems":true},"in2DMode":false,"pivot":{"x":0.5553674697875977,"y":1.1263803243637086,"z":0.295596718788147},"rotation":{"x":0.05063373222947121,"y":-0.8776596188545227,"z":0.09515754133462906,"w":0.4670063853263855},"size":1.9060871601104737,"orthographic":false}