{"cameraMode":{"drawMode":0,"name":"Shaded","section":"Shading Mode"},"sceneLighting":true,"audioPlay":false,"sceneViewState":{"showFog":true,"showMaterialUpdate":false,"showSkybox":true,"showFlares":true,"showImageEffects":true,"showParticleSystems":true},"in2DMode":false,"pivot":{"x":0.0,"y":0.40000003576278689,"z":-2.549999952316284},"rotation":{"x":0.028941389173269273,"y":0.7238524556159973,"z":-0.030419716611504556,"w":0.6886760592460632},"size":8.42570972442627,"orthographic":true}