{"cameraMode":{"drawMode":0,"name":"Shaded","section":"Shading Mode"},"sceneLighting":true,"audioPlay":false,"sceneViewState":{"showFog":true,"showMaterialUpdate":false,"showSkybox":true,"showFlares":true,"showImageEffects":true,"showParticleSystems":true},"in2DMode":false,"pivot":{"x":1.4010286331176758,"y":0.15464067459106446,"z":-0.11776447296142578},"rotation":{"x":-0.03973067179322243,"y":-0.9566927552223206,"z":0.2417377382516861,"w":-0.1572367250919342},"size":12.462031364440918,"orthographic":false}