{"cameraMode":{"drawMode":0,"name":"Shaded","section":"Shading Mode"},"sceneLighting":true,"audioPlay":false,"sceneViewState":{"showFog":true,"showMaterialUpdate":false,"showSkybox":true,"showFlares":true,"showImageEffects":true,"showParticleSystems":true},"in2DMode":false,"pivot":{"x":-0.08169567584991455,"y":1.649268627166748,"z":0.008440494537353516},"rotation":{"x":-0.05627429485321045,"y":0.8739072680473328,"z":-0.10431995242834091,"w":-0.47141996026039126},"size":13.911651611328125,"orthographic":false}