{"cameraMode":{"drawMode":0,"name":"Shaded","section":"Shading Mode"},"sceneLighting":true,"audioPlay":false,"sceneViewState":{"showFog":true,"showMaterialUpdate":false,"showSkybox":true,"showFlares":true,"showImageEffects":true,"showParticleSystems":true},"in2DMode":false,"pivot":{"x":2.397467613220215,"y":6.201096534729004,"z":-2.2657546997070314},"rotation":{"x":0.2808131277561188,"y":-0.047483839094638827,"z":0.013911619782447815,"w":0.9584861993789673},"size":16.87348175048828,"orthographic":false}