{"cameraMode":{"drawMode":0,"name":"Shaded","section":"Shading Mode"},"sceneLighting":true,"audioPlay":false,"sceneViewState":{"showFog":true,"showMaterialUpdate":false,"showSkybox":true,"showFlares":true,"showImageEffects":true,"showParticleSystems":true},"in2DMode":false,"pivot":{"x":19.326650619506837,"y":2.398538589477539,"z":5.372400283813477},"rotation":{"x":-0.02048606239259243,"y":0.9677849411964417,"z":-0.08382370322942734,"w":-0.23652960360050202},"size":4.5654497146606449,"orthographic":true}