{"cameraMode":{"drawMode":0,"name":"Shaded","section":"Shading Mode"},"sceneLighting":true,"audioPlay":false,"sceneViewState":{"showFog":true,"showMaterialUpdate":false,"showSkybox":true,"showFlares":true,"showImageEffects":true,"showParticleSystems":true},"in2DMode":false,"pivot":{"x":-12.8920316696167,"y":-10.10364818572998,"z":6.287355422973633},"rotation":{"x":0.2426757663488388,"y":-0.4060420095920563,"z":0.11276822537183762,"w":0.8737973570823669},"size":35.511165618896487,"orthographic":false}