{"cameraMode":{"drawMode":0,"name":"Shaded","section":"Shading Mode"},"sceneLighting":true,"audioPlay":false,"sceneViewState":{"showFog":true,"showMaterialUpdate":false,"showSkybox":true,"showFlares":true,"showImageEffects":true,"showParticleSystems":true},"in2DMode":false,"pivot":{"x":-18.084604263305665,"y":61.619686126708987,"z":957.0093383789063},"rotation":{"x":0.04345812276005745,"y":0.035958271473646167,"z":-0.0015651704743504525,"w":0.998406708240509},"size":20.76304817199707,"orthographic":false}