{"cameraMode":{"drawMode":0,"name":"Shaded","section":"Shading Mode"},"sceneLighting":false,"audioPlay":false,"sceneViewState":{"showFog":true,"showMaterialUpdate":false,"showSkybox":true,"showFlares":true,"showImageEffects":true,"showParticleSystems":true},"in2DMode":false,"pivot":{"x":-0.11075115203857422,"y":-0.3724203109741211,"z":1.7583317756652833},"rotation":{"x":0.15217870473861695,"y":0.6072924733161926,"z":-0.11994636058807373,"w":0.7704871296882629},"size":22.0,"orthographic":false}