{"cameraMode":{"drawMode":0,"name":"Shaded","section":"Shading Mode"},"sceneLighting":true,"audioPlay":false,"sceneViewState":{"showFog":true,"showMaterialUpdate":false,"showSkybox":true,"showFlares":true,"showImageEffects":true,"showParticleSystems":true},"in2DMode":false,"pivot":{"x":98.29319763183594,"y":-69.61882019042969,"z":39.371307373046878},"rotation":{"x":-0.0269964337348938,"y":0.943114161491394,"z":-0.32178643345832827,"w":-0.07912325859069824},"size":378.5193786621094,"orthographic":false}