{"cameraMode":{"drawMode":0,"name":"Shaded","section":"Shading Mode"},"sceneLighting":true,"audioPlay":false,"sceneViewState":{"showFog":true,"showMaterialUpdate":false,"showSkybox":true,"showFlares":true,"showImageEffects":true,"showParticleSystems":true},"in2DMode":false,"pivot":{"x":5.16351318359375,"y":-5.325309753417969,"z":4.750892639160156},"rotation":{"x":-0.0269964337348938,"y":0.943114161491394,"z":-0.32178643345832827,"w":-0.07912325859069824},"size":67.88533782958985,"orthographic":false}