{"cameraMode":{"drawMode":0,"name":"Shaded","section":"Shading Mode"},"sceneLighting":true,"audioPlay":false,"sceneViewState":{"showFog":true,"showMaterialUpdate":false,"showSkybox":true,"showFlares":true,"showImageEffects":true,"showParticleSystems":true},"in2DMode":false,"pivot":{"x":36.20000076293945,"y":1.0799999237060547,"z":73.80000305175781},"rotation":{"x":-0.2199079543352127,"y":0.3687500059604645,"z":-0.0902400016784668,"w":-0.8986216187477112},"size":14.888812065124512,"orthographic":false}