{"cameraMode":{"drawMode":0,"name":"Shaded","section":"Shading Mode"},"sceneLighting":true,"audioPlay":false,"sceneViewState":{"showFog":true,"showMaterialUpdate":false,"showSkybox":true,"showFlares":true,"showImageEffects":true,"showParticleSystems":true},"in2DMode":false,"pivot":{"x":2.2292184829711916,"y":-3.877554178237915,"z":3.4265851974487306},"rotation":{"x":0.006333162542432547,"y":0.9740703701972961,"z":-0.22448067367076875,"w":0.02748321369290352},"size":13.51763916015625,"orthographic":false}