{"cameraMode":{"drawMode":0,"name":"Shaded","section":"Shading Mode"},"sceneLighting":true,"audioPlay":false,"sceneViewState":{"showFog":true,"showMaterialUpdate":false,"showSkybox":true,"showFlares":true,"showImageEffects":true,"showParticleSystems":true},"in2DMode":false,"pivot":{"x":-0.00618821382522583,"y":1.1920802593231202,"z":9.928593635559082},"rotation":{"x":0.22137083113193513,"y":0.2894103229045868,"z":-0.06898592412471771,"w":0.9286966919898987},"size":2.8101401329040529,"orthographic":false}