{"cameraMode":{"drawMode":0,"name":"Shaded","section":"Shading Mode"},"sceneLighting":true,"audioPlay":false,"sceneViewState":{"showFog":true,"showMaterialUpdate":false,"showSkybox":true,"showFlares":true,"showImageEffects":true,"showParticleSystems":true},"in2DMode":false,"pivot":{"x":-415.3295593261719,"y":-267.796875,"z":1632.2169189453125},"rotation":{"x":0.22681443393230439,"y":-0.4691835939884186,"z":0.1260676234960556,"w":0.8441142439842224},"size":1968.98486328125,"orthographic":false}