{"cameraMode":{"drawMode":0,"name":"Shaded","section":"Shading Mode"},"sceneLighting":true,"audioPlay":false,"sceneViewState":{"showFog":true,"showMaterialUpdate":false,"showSkybox":true,"showFlares":true,"showImageEffects":true,"showParticleSystems":true},"in2DMode":false,"pivot":{"x":7.694018840789795,"y":-1.4273998737335206,"z":5.291741847991943},"rotation":{"x":0.07792516052722931,"y":0.8493595719337463,"z":-0.13097596168518067,"w":0.5053329467773438},"size":22.154111862182618,"orthographic":false}