{"cameraMode":{"drawMode":0,"name":"Shaded","section":"Shading Mode"},"sceneLighting":true,"audioPlay":false,"sceneViewState":{"showFog":true,"showMaterialUpdate":false,"showSkybox":true,"showFlares":true,"showImageEffects":true,"showParticleSystems":true},"in2DMode":false,"pivot":{"x":-1.9635165929794312,"y":0.25568342208862307,"z":7.352683067321777},"rotation":{"x":-0.07569717615842819,"y":0.8791071176528931,"z":-0.14909550547599793,"w":-0.44633081555366518},"size":7.682410717010498,"orthographic":false}