{"cameraMode":{"drawMode":0,"name":"Shaded","section":"Shading Mode"},"sceneLighting":true,"audioPlay":false,"sceneViewState":{"showFog":true,"showMaterialUpdate":false,"showSkybox":true,"showFlares":true,"showImageEffects":true,"showParticleSystems":true},"in2DMode":false,"pivot":{"x":2.2292184829711916,"y":-3.877554178237915,"z":3.4265851974487306},"rotation":{"x":-0.23062650859355927,"y":0.6817308664321899,"z":-0.24153833091259004,"w":-0.6509329676628113},"size":37.391929626464847,"orthographic":false}