{"cameraMode":{"drawMode":0,"name":"Shaded","section":"Shading Mode"},"sceneLighting":true,"audioPlay":false,"sceneViewState":{"showFog":true,"showMaterialUpdate":false,"showSkybox":true,"showFlares":true,"showImageEffects":true,"showParticleSystems":true},"in2DMode":false,"pivot":{"x":40.762428283691409,"y":4.561559677124023,"z":6.024818420410156},"rotation":{"x":-0.05097426101565361,"y":0.01288096234202385,"z":-0.0006578558823093772,"w":-0.9986166954040527},"size":32.108192443847659,"orthographic":false}