{"cameraMode":{"drawMode":0,"name":"Shaded","section":"Shading Mode"},"sceneLighting":true,"audioPlay":false,"sceneViewState":{"showFog":true,"showMaterialUpdate":false,"showSkybox":true,"showFlares":true,"showImageEffects":true,"showParticleSystems":true},"in2DMode":false,"pivot":{"x":0.157562255859375,"y":0.8023223876953125,"z":0.69921875},"rotation":{"x":-0.11130975931882858,"y":-0.5570492148399353,"z":0.075661800801754,"w":-0.8195008635520935},"size":13.349327087402344,"orthographic":true}