{"cameraMode":{"drawMode":0,"name":"Shaded","section":"Shading Mode"},"sceneLighting":true,"audioPlay":false,"sceneViewState":{"showFog":true,"showMaterialUpdate":false,"showSkybox":true,"showFlares":true,"showImageEffects":true,"showParticleSystems":true},"in2DMode":false,"pivot":{"x":0.157562255859375,"y":0.8023223876953125,"z":0.69921875},"rotation":{"x":-0.03434639796614647,"y":0.4006188213825226,"z":-0.01503054890781641,"w":-0.9154775142669678},"size":13.349327087402344,"orthographic":true}