{"cameraMode":{"drawMode":1,"name":"Wireframe","section":"Shading Mode"},"sceneLighting":true,"audioPlay":false,"sceneViewState":{"showFog":true,"showMaterialUpdate":false,"showSkybox":true,"showFlares":true,"showImageEffects":true,"showParticleSystems":true},"in2DMode":false,"pivot":{"x":-1.2744140625,"y":1.8448486328125,"z":-1.6220703125},"rotation":{"x":0.08102422207593918,"y":0.39796337485313418,"z":-0.035311099141836169,"w":0.9131338596343994},"size":7.71079683303833,"orthographic":true}