{"cameraMode":{"drawMode":0,"name":"Shaded","section":"Shading Mode"},"sceneLighting":true,"audioPlay":false,"sceneViewState":{"showFog":true,"showMaterialUpdate":false,"showSkybox":true,"showFlares":true,"showImageEffects":true,"showParticleSystems":true},"in2DMode":false,"pivot":{"x":108.85383605957031,"y":14.03306770324707,"z":86.17173767089844},"rotation":{"x":-0.03531889617443085,"y":0.9641656875610352,"z":-0.20128460228443147,"w":-0.16917960345745088},"size":63.831050872802737,"orthographic":false}